<?xml version = "1.0" encoding = "utf-8"?>
<!DOCTYPE hibernate-configuration SYSTEM
        "http://www.hibernate.org/dtd/hibernate-configuration-3.0.dtd">

<hibernate-configuration>
    <session-factory>

        <property name="hibernate.dialect">
            org.hibernate.dialect.MySQLDialect
        </property>

        <property name="hibernate.connection.driver_class">
            org.postgresql.Driver
        </property>
        <property name="hibernate.connection.url">
            jdbc:postgresql://localhost:5432/postgres
        </property>

        <property name="hibernate.connection.username">
            postgres
        </property>

        <property name="hibernate.connection.password">
            password
        </property>

        <property name="hibernate.default_schema">
            colibri
        </property>

    </session-factory>
</hibernate-configuration>